{
  "Total" : {
    "transaction" : "Total",
    "sampleCount" : 50000,
    "errorCount" : 2,
    "errorPct" : 0.004,
    "meanResTime" : 152.69132000000033,
    "medianResTime" : 44.0,
    "minResTime" : 34.0,
    "maxResTime" : 15560.0,
    "pct1ResTime" : 305.0,
    "pct2ResTime" : 321.0,
    "pct3ResTime" : 634.0,
    "throughput" : 123.12784117493511,
    "receivedKBytesPerSec" : 108.16388377224304,
    "sentKBytesPerSec" : 33.20018387988756
  },
  "updateTransaction" : {
    "transaction" : "updateTransaction",
    "sampleCount" : 10000,
    "errorCount" : 0,
    "errorPct" : 0.0,
    "meanResTime" : 231.77099999999965,
    "medianResTime" : 187.0,
    "minResTime" : 45.0,
    "maxResTime" : 15560.0,
    "pct1ResTime" : 438.0,
    "pct2ResTime" : 511.0,
    "pct3ResTime" : 773.0,
    "throughput" : 189.02162407379404,
    "receivedKBytesPerSec" : 84.28191792562944,
    "sentKBytesPerSec" : 64.75858689796613
  },
  "pageQueryTransaction" : {
    "transaction" : "pageQueryTransaction",
    "sampleCount" : 10000,
    "errorCount" : 0,
    "errorPct" : 0.0,
    "meanResTime" : 97.39369999999975,
    "medianResTime" : 47.0,
    "minResTime" : 36.0,
    "maxResTime" : 3739.0,
    "pct1ResTime" : 315.0,
    "pct2ResTime" : 337.0,
    "pct3ResTime" : 1017.9699999999993,
    "throughput" : 674.809366354005,
    "receivedKBytesPerSec" : 1900.8356433252918,
    "sentKBytesPerSec" : 137.6708638403401
  },
  "deleteTransaction" : {
    "transaction" : "deleteTransaction",
    "sampleCount" : 10000,
    "errorCount" : 2,
    "errorPct" : 0.02,
    "meanResTime" : 92.29970000000034,
    "medianResTime" : 46.0,
    "minResTime" : 34.0,
    "maxResTime" : 15519.0,
    "pct1ResTime" : 310.0,
    "pct2ResTime" : 325.0,
    "pct3ResTime" : 738.0,
    "throughput" : 414.181577203446,
    "receivedKBytesPerSec" : 98.89305119802022,
    "sentKBytesPerSec" : 88.14059005342943
  },
  "createTransaction" : {
    "transaction" : "createTransaction",
    "sampleCount" : 10000,
    "errorCount" : 0,
    "errorPct" : 0.0,
    "meanResTime" : 260.8214999999999,
    "medianResTime" : 209.0,
    "minResTime" : 46.0,
    "maxResTime" : 15396.0,
    "pct1ResTime" : 470.0,
    "pct2ResTime" : 590.0,
    "pct3ResTime" : 1036.9899999999998,
    "throughput" : 266.81608367352385,
    "receivedKBytesPerSec" : 117.94709203820807,
    "sentKBytesPerSec" : 106.04897075695723
  },
  "getTransaction" : {
    "transaction" : "getTransaction",
    "sampleCount" : 10000,
    "errorCount" : 0,
    "errorPct" : 0.0,
    "meanResTime" : 81.17069999999973,
    "medianResTime" : 43.0,
    "minResTime" : 34.0,
    "maxResTime" : 7137.0,
    "pct1ResTime" : 301.0,
    "pct2ResTime" : 316.0,
    "pct3ResTime" : 614.9899999999998,
    "throughput" : 676.223965377333,
    "receivedKBytesPerSec" : 303.4798062618339,
    "sentKBytesPerSec" : 129.37438981353125
  }
}